problem,num_obj,phase,iRVEA_R_IGD,iNSGAIII_R_IGD,iRVEA_R_HV,iNSGAIII_R_HV
DTLZ1,3,learning,2.259650143102203,2.256954752634009,33.69134044929538,33.48343414825107
DTLZ1,3,decision,1.7871882141286273,1.7800215220159994,25.748620184358806,26.0305031870869
DTLZ1,4,learning,2.3302477284861935,2.32846135629249,,
DTLZ1,4,decision,1.9325258219773733,1.9400369258975854,,
DTLZ1,5,learning,2.7737911348804465,2.446281936978555,,
DTLZ1,5,decision,2.3234420594409784,2.3512064019639958,,
DTLZ1,6,learning,2.404962308608347,2.5077240066384667,,
DTLZ1,6,decision,1.9134046828952727,2.041542007211824,,
DTLZ1,7,learning,2.8011333918631434,2.8643592230475923,,
DTLZ1,7,decision,1.8075371250323733,1.8948614345160835,,
DTLZ1,8,learning,2.6587768326090937,2.7821200719018826,,
DTLZ1,8,decision,1.981985024092845,2.449065075855703,,
DTLZ1,9,learning,2.7238486345919446,3.093968342150743,,
DTLZ1,9,decision,2.5128885244406423,3.295476895595405,,
DTLZ2,3,learning,0.029789002486929325,0.03271506729468682,33.71665276882189,33.67107954291068
DTLZ2,3,decision,0.7078456464986722,0.058222059526890066,22.093033888170027,26.69315233333959
DTLZ2,4,learning,0.7889760265016679,0.1368459604413894,,
DTLZ2,4,decision,0.24801994812885714,0.27459791619444573,,
DTLZ2,5,learning,0.8704935314375938,0.0492617473145797,,
DTLZ2,5,decision,2.2889115859852063,0.09734804850229886,,
DTLZ2,6,learning,0.7803888976329446,0.8920276177623127,,
DTLZ2,6,decision,0.9787355207503607,0.9911931157161142,,
DTLZ2,7,learning,1.1458748822817468,0.6683594495750473,,
DTLZ2,7,decision,0.43115015550479563,0.45465726073113943,,
DTLZ2,8,learning,2.084975280927148,0.8396421358690834,,
DTLZ2,8,decision,5.123520840229132,1.440383868425779,,
DTLZ2,9,learning,1.2410903358024294,0.745150086130441,,
DTLZ2,9,decision,0.4435165318199068,0.47322605359893155,,
DTLZ3,3,learning,0.05249521701104347,0.17948640360183957,35.45429245106341,34.596149363838265
DTLZ3,3,decision,0.016681108318601364,0.02944435979489761,25.892334707805983,25.895434898462018
DTLZ3,4,learning,0.15222475647693176,0.16603814339355483,,
DTLZ3,4,decision,0.11335838234181642,0.12762701742285132,,
DTLZ3,5,learning,0.19457124273976698,0.15040422364226025,,
DTLZ3,5,decision,0.0997440170064349,0.06064180041071482,,
DTLZ3,6,learning,0.4842159195438186,0.41495318687611915,,
DTLZ3,6,decision,0.2760853456382677,0.6435361447939056,,
DTLZ3,7,learning,0.42447408460363445,1.0781519903417416,,
DTLZ3,7,decision,0.13566537060110706,0.20604662040322053,,
DTLZ3,8,learning,0.5801600041258728,0.4875674646935449,,
DTLZ3,8,decision,0.4029117884431857,0.2679568668794845,,
DTLZ3,9,learning,0.5082100216924708,0.6312252312898791,,
DTLZ3,9,decision,1.5064129405372895,0.5659772981242477,,
DTLZ4,3,learning,0.0753009634595467,0.03119667386653912,32.62043589989824,32.96921844666686
DTLZ4,3,decision,0.10008284211672847,0.09712078665352585,25.753502056351287,25.983344378600826
DTLZ4,4,learning,0.4749250992893266,0.3390913796222727,,
DTLZ4,4,decision,0.10911060127559588,0.1115483253647174,,
DTLZ4,5,learning,0.15483934613693676,0.05903318586375388,,
DTLZ4,5,decision,0.043758968099434845,0.08303796734801132,,
DTLZ4,6,learning,0.266253082500006,0.24470809126614357,,
DTLZ4,6,decision,0.2405993127953736,0.2369302884373941,,
DTLZ4,7,learning,0.6971643441481861,0.7626503910808468,,
DTLZ4,7,decision,0.47522177229701235,0.35035198128022293,,
DTLZ4,8,learning,1.1745163061808852,0.9959602842394094,,
DTLZ4,8,decision,1.2212256132274213,1.1212638439551488,,
DTLZ4,9,learning,0.9216087159136405,0.7288327760138434,,
DTLZ4,9,decision,0.5163135945587152,0.3095295007310148,,
DTLZ1,3,learning,2.3894111403833884,2.3618070880509103,33.88225536999316,34.42447309904236
DTLZ1,3,decision,1.7931433792506928,1.7819750654294824,25.77906381611359,25.97622913466821
DTLZ1,4,learning,2.6581896159843117,2.6485476357160405,,
DTLZ1,4,decision,2.126696027357848,2.1161526570902396,,
DTLZ1,5,learning,2.3156404588349986,2.3379228718014957,,
DTLZ1,5,decision,1.7423911184206466,1.7942791564430438,,
DTLZ1,6,learning,2.5393880281003165,2.8511800109606447,,
DTLZ1,6,decision,2.0765352266004067,3.0376940990805914,,
DTLZ1,7,learning,2.51671241206391,2.378649052574789,,
DTLZ1,7,decision,1.727443518368529,1.7184303832914636,,
DTLZ1,8,learning,2.6289751922048685,2.496522350463408,,
DTLZ1,8,decision,2.448147770441505,2.942048023889906,,
DTLZ1,9,learning,2.562573761559878,2.645071307721882,,
DTLZ1,9,decision,2.0441963337307545,2.0298630666412767,,
DTLZ2,3,learning,0.6829465083147951,0.08978189422744025,29.11247581355829,33.468710304030395
DTLZ2,3,decision,1.7997544967181813,0.07386112729609784,13.888888888888886,26.636727432607614
DTLZ2,4,learning,0.11407039789830167,0.06956888054896518,,
DTLZ2,4,decision,0.1927875012726352,0.1435267736911807,,
DTLZ2,5,learning,0.17431864836475763,0.17929324455839607,,
DTLZ2,5,decision,0.09663088053362345,0.07829448874128812,,
DTLZ2,6,learning,0.3884343775626565,0.35412056305883843,,
DTLZ2,6,decision,0.42007065559000045,0.38933581397630723,,
DTLZ2,7,learning,0.23483859274907226,0.24470462500360962,,
DTLZ2,7,decision,0.4336775750192632,0.45309834288602113,,
DTLZ2,8,learning,1.3657706536327194,0.6230121373700954,,
DTLZ2,8,decision,0.4418566271052735,0.3991930044118257,,
DTLZ2,9,learning,0.8597151411119551,0.7709794487245335,,
DTLZ2,9,decision,0.4507371580929914,0.47581648175149616,,
DTLZ3,3,learning,0.05700592029672939,0.12996452856443394,34.66060658964281,33.29512165506305
DTLZ3,3,decision,0.01905623842955146,0.029422608263096665,25.861499893484783,25.899655142327894
DTLZ3,4,learning,0.5605758708117122,0.49230088109554093,,
DTLZ3,4,decision,1.0093896415331431,1.061196172677133,,
DTLZ3,5,learning,0.2246086511734658,0.4507612808860885,,
DTLZ3,5,decision,0.09655189672416117,0.08692856226067008,,
DTLZ3,6,learning,0.5618111338775371,0.33505751162078445,,
DTLZ3,6,decision,0.2772888461145793,0.6614669338576754,,
DTLZ3,7,learning,0.6687170211264858,1.062650989802242,,
DTLZ3,7,decision,0.3317648867800632,0.9086835705695451,,
DTLZ3,8,learning,0.30867348239965703,0.8273189447851914,,
DTLZ3,8,decision,0.14478274618906078,1.1410499556781728,,
DTLZ3,9,learning,0.4132001994231538,1.0269090505745053,,
DTLZ3,9,decision,0.29291089837442263,0.9750563609430845,,
DTLZ4,3,learning,2.188853268101743,0.13650144759648772,23.918035774822865,34.01625058549769
DTLZ4,3,decision,0.01776731324183692,0.02807823673006743,25.785843328234883,25.93261863548699
DTLZ4,4,learning,0.18462587034561034,0.08242767118307275,,
DTLZ4,4,decision,0.19126145477375742,0.1796762858105871,,
DTLZ4,5,learning,0.6684045368273717,0.7269092766789956,,
DTLZ4,5,decision,0.9429892462456934,0.9475921855774656,,
DTLZ4,6,learning,0.6501158549114564,0.5894677162270958,,
DTLZ4,6,decision,0.9670794906145607,1.098004785358237,,
DTLZ4,7,learning,0.47119505928137784,0.39587901335265113,,
DTLZ4,7,decision,0.4542578500378529,0.3436597395206866,,
DTLZ4,8,learning,1.0151943728655997,1.0095363981965313,,
DTLZ4,8,decision,1.2106548959353116,1.2175493333776544,,
DTLZ4,9,learning,0.8790697744332812,0.8529233079877795,,
DTLZ4,9,decision,0.5266051070783675,0.30337382232585763,,
DTLZ1,3,learning,2.462575185287036,2.461584379011268,34.61436814786941,34.417425671819764
DTLZ1,3,decision,1.7948101208753697,1.7792483505372716,25.70184713094949,26.00480391136137
DTLZ1,4,learning,2.3142335342251856,2.8302619586840456,,
DTLZ1,4,decision,1.7287968338228683,1.729594204487445,,
DTLZ1,5,learning,2.594831469032291,2.6215275883062645,,
DTLZ1,5,decision,1.6948973588800853,1.6906643250844229,,
DTLZ1,6,learning,2.4544968810264867,2.742576189767994,,
DTLZ1,6,decision,2.073249393817356,2.3857158123295767,,
DTLZ1,7,learning,2.7797737382213454,2.281345265940966,,
DTLZ1,7,decision,1.8609646360450438,1.8899329250046375,,
DTLZ1,8,learning,2.4839821016733357,2.5244919764818565,,
DTLZ1,8,decision,2.058106410339484,2.5550194129431842,,
DTLZ1,9,learning,2.8359234830690316,2.748965808094204,,
DTLZ1,9,decision,1.7223378378813723,1.7155062060164634,,
DTLZ2,3,learning,0.09646217637600853,0.05680815301372158,34.56196205001925,34.50102604005315
DTLZ2,3,decision,0.15414327844810197,0.12205430815843188,26.01130208422058,26.418438740690178
DTLZ2,4,learning,0.08159224107380333,0.05166966241029936,,
DTLZ2,4,decision,0.9999801417918156,0.0802433562295963,,
DTLZ2,5,learning,0.17477665137425097,0.14573336284335903,,
DTLZ2,5,decision,0.10865314550519851,0.07951872533117138,,
DTLZ2,6,learning,0.6374518530014293,0.6338630536479009,,
DTLZ2,6,decision,1.1212486076578834,1.114136494255086,,
DTLZ2,7,learning,0.6227019247067702,0.48739985956808984,,
DTLZ2,7,decision,0.43620549999989144,0.4565085901806333,,
DTLZ2,8,learning,0.7784221196563322,0.7522836383454679,,
DTLZ2,8,decision,1.2243633714217537,1.1293230516938313,,
DTLZ2,9,learning,0.3767658929156053,0.38298412014466865,,
DTLZ2,9,decision,0.14857146123059406,0.11245038005730923,,
DTLZ3,3,learning,0.11219444916569317,0.09587962768874789,34.270637656030665,34.571611663026054
DTLZ3,3,decision,0.018381127276658516,0.029187073427623778,25.873451910733195,25.910915711959845
DTLZ3,4,learning,0.13653884154022666,0.45182288275863647,,
DTLZ3,4,decision,0.10282184591259748,0.11760293158220471,,
DTLZ3,5,learning,0.1746013860608427,0.82645764369345,,
DTLZ3,5,decision,0.05607014556337833,0.05093380643642602,,
DTLZ3,6,learning,0.36877489063073265,0.833402265003078,,
DTLZ3,6,decision,0.42364905400366415,0.3923150144233939,,
DTLZ3,7,learning,0.42884058399397884,0.48747452877518904,,
DTLZ3,7,decision,0.43848765476847873,0.2593298214542443,,
DTLZ3,8,learning,0.3315153974658488,0.2975353535756991,,
DTLZ3,8,decision,0.12977893210358432,0.5239268024921407,,
DTLZ3,9,learning,0.26599865659897953,1.185595123973835,,
DTLZ3,9,decision,0.14773036074541068,1.5064129405372895,,
DTLZ4,3,learning,0.12011005158933946,0.08781860037140118,32.29873518283054,32.48343655651436
DTLZ4,3,decision,0.1531000703779382,0.08957356924474268,26.12182048828079,26.55916186299006
DTLZ4,4,learning,0.12842526029841766,0.01766944598742208,,
DTLZ4,4,decision,0.09142681347871504,0.06995511580005026,,
DTLZ4,5,learning,0.24667368615018676,0.0496378712620332,,
DTLZ4,5,decision,0.9468893380586427,0.992506359963199,,
DTLZ4,6,learning,0.3717245331698191,0.3894732579417022,,
DTLZ4,6,decision,0.2665808216726351,0.22116347176560763,,
DTLZ4,7,learning,4.519916884564095,0.2507772557310265,,
DTLZ4,7,decision,1.7694257088675087,0.23285058553715726,,
DTLZ4,8,learning,1.3035556454446227,1.2923263692874942,,
DTLZ4,8,decision,1.2891185326678198,1.1631286918474797,,
DTLZ4,9,learning,1.0919174019590083,1.0001897431961946,,
DTLZ4,9,decision,1.2403771477001193,1.143106583127836,,
DTLZ1,3,learning,2.4148703937629703,2.431294602032838,34.71978290285645,34.01773639327021
DTLZ1,3,decision,2.0809742294204017,2.0579899820295653,26.103325938051867,26.576277360519587
DTLZ1,4,learning,2.5188940088261877,2.560393771335681,,
DTLZ1,4,decision,1.9378748180122083,1.9275411102001392,,
DTLZ1,5,learning,3.085875854859902,2.425844654638862,,
DTLZ1,5,decision,1.8790342098530648,1.7319655554645934,,
DTLZ1,6,learning,2.383307001807756,2.2792717386830255,,
DTLZ1,6,decision,2.4783433718129517,2.4493077862460817,,
DTLZ1,7,learning,2.529832257917512,2.4834258386068973,,
DTLZ1,7,decision,2.2939232265030083,2.884624423035693,,
DTLZ1,8,learning,2.783391067964753,3.6829054457211647,,
DTLZ1,8,decision,2.539497578364134,2.9390173627476517,,
DTLZ1,9,learning,2.7879832185389044,2.814481873468274,,
DTLZ1,9,decision,2.2787641077076612,2.280710155391149,,
DTLZ2,3,learning,0.044089040714712466,0.5444310086601365,33.99914029117436,31.226819706834576
DTLZ2,3,decision,0.017843829919810043,0.026550447835108418,25.862725008204965,25.892802281308903
DTLZ2,4,learning,0.11064695986812861,0.10168716130449146,,
DTLZ2,4,decision,0.25754508229658324,0.26930305356355294,,
DTLZ2,5,learning,1.590285962934373,0.3572587939047752,,
DTLZ2,5,decision,2.268091954574752,1.0009331610891885,,
DTLZ2,6,learning,0.6736652401636003,0.7435068935802615,,
DTLZ2,6,decision,0.2712196179387244,0.22139949154411864,,
DTLZ2,7,learning,1.5075062002813713,0.3237453502384234,,
DTLZ2,7,decision,4.847711889335158,1.3389454194212567,,
DTLZ2,8,learning,0.85045833831065,0.314761959070006,,
DTLZ2,8,decision,0.4391088476895352,0.4654028792216648,,
DTLZ2,9,learning,0.730805283617511,0.61014372789788,,
DTLZ2,9,decision,0.5521664670593822,0.3244751558652955,,
DTLZ3,3,learning,1.593572078905531,0.080603741473613,27.20062613092356,34.47844015896215
DTLZ3,3,decision,0.10341189977417822,0.07988621773961785,25.75423344144277,25.971276426410657
DTLZ3,4,learning,0.25571549461545856,0.3244689579232856,,
DTLZ3,4,decision,0.25604415512661827,0.2769443361323627,,
DTLZ3,5,learning,0.22446074111122316,0.42388141634983095,,
DTLZ3,5,decision,0.13447103256149864,0.05879868651772112,,
DTLZ3,6,learning,0.5532206712211547,0.34325329262303433,,
DTLZ3,6,decision,0.25780047584230925,0.5162801573442196,,
DTLZ3,7,learning,0.7160137876761657,0.6425665387185526,,
DTLZ3,7,decision,0.42658377146112714,0.5421777861709296,,
DTLZ3,8,learning,0.4495793468702519,0.895639587821389,,
DTLZ3,8,decision,0.4042010662678328,0.9527304002921848,,
DTLZ3,9,learning,0.512460212679579,0.6961051731236021,,
DTLZ3,9,decision,0.446934118440241,0.3291434012114256,,
DTLZ4,3,learning,0.061543654844811516,0.03222921443862546,32.79035523415612,32.915726874976066
DTLZ4,3,decision,0.017793457544986922,0.02920065323842592,25.860763277140826,25.887202252263656
DTLZ4,4,learning,0.17703747263916866,0.07404473381984346,,
DTLZ4,4,decision,0.10910768598324033,0.11698841832311631,,
DTLZ4,5,learning,0.490988224073124,0.4472204838398471,,
DTLZ4,5,decision,0.9453173376209145,0.9874725641812976,,
DTLZ4,6,learning,0.9412327474422518,0.9059588632757444,,
DTLZ4,6,decision,0.27277667975169734,0.23177598697218227,,
DTLZ4,7,learning,3.2831131086142125,0.5476074424958499,,
DTLZ4,7,decision,1.2803065262600706,1.0863699402058362,,
DTLZ4,8,learning,0.44922345348695225,0.32833820112975326,,
DTLZ4,8,decision,0.5174150200536202,0.29595107371515983,,
DTLZ4,9,learning,0.6614950721174686,0.5734527109282579,,
DTLZ4,9,decision,1.1175347796835244,1.115911776191301,,
DTLZ1,3,learning,2.4902523018997376,2.463729171916927,34.66922028960403,35.21626553398642
DTLZ1,3,decision,2.0788840047170645,2.0640566673382605,26.19052620513617,26.455507054564162
DTLZ1,4,learning,2.457700829728702,2.4373794971032403,,
DTLZ1,4,decision,2.3449512066046365,2.323785219614634,,
DTLZ1,5,learning,2.4547031550235068,2.567575173495841,,
DTLZ1,5,decision,2.3237675881885846,2.399265295555418,,
DTLZ1,6,learning,2.5142327230535737,2.4837105075728036,,
DTLZ1,6,decision,2.2214168863824657,2.2586967798475848,,
DTLZ1,7,learning,2.6312653333426654,2.727413856117677,,
DTLZ1,7,decision,2.053409221641936,1.983428080841495,,
DTLZ1,8,learning,2.65426077578823,2.831317150360923,,
DTLZ1,8,decision,1.9675174070457906,2.4483021432277825,,
DTLZ1,9,learning,2.4555987479557055,2.541020952519883,,
DTLZ1,9,decision,2.024180771854579,2.3333625617780798,,
DTLZ2,3,learning,0.05922734338583023,0.047396491542495645,33.00465334221613,32.910575431763334
DTLZ2,3,decision,0.017809173166430183,0.029822971883170055,25.862198389805542,25.888584228626726
DTLZ2,4,learning,0.18898375934856682,0.19827405891423328,,
DTLZ2,4,decision,0.25852569076546605,0.27593788710064765,,
DTLZ2,5,learning,1.2762377397924363,0.5330165704188503,,
DTLZ2,5,decision,0.24685470097101903,0.25861363946850213,,
DTLZ2,6,learning,0.542989854616461,0.34160041988177847,,
DTLZ2,6,decision,0.8623700336780541,0.22065330429095126,,
DTLZ2,7,learning,0.6647385341570788,0.5128423711881375,,
DTLZ2,7,decision,1.2793250402717284,1.0807291494508173,,
DTLZ2,8,learning,0.9506764219152083,0.5284794184086542,,
DTLZ2,8,decision,0.5137402731622792,0.2746707225537445,,
DTLZ2,9,learning,0.48286412658263006,0.5012956778733324,,
DTLZ2,9,decision,0.4500508674815882,0.468962998701139,,
DTLZ3,3,learning,0.09114570046961892,0.09232316233857855,33.28748990034269,33.429667674405465
DTLZ3,3,decision,0.03847101027156392,0.018723874778396016,24.072465600962563,24.094585653621984
DTLZ3,4,learning,0.1644977057936754,0.23299243167201303,,
DTLZ3,4,decision,0.09422302252950723,0.049817287139145544,,
DTLZ3,5,learning,0.17496237102218234,0.11794421196053126,,
DTLZ3,5,decision,0.09638200545656705,0.08149230993898543,,
DTLZ3,6,learning,0.9519883505246814,0.31309970599009596,,
DTLZ3,6,decision,0.44437206847897787,0.4960293105614315,,
DTLZ3,7,learning,0.22624371529261664,0.9438297589865758,,
DTLZ3,7,decision,0.3043369749749206,0.6050221157364679,,
DTLZ3,8,learning,0.3135014627109318,1.1853194112415413,,
DTLZ3,8,decision,0.14730399979398806,1.3798487719035153,,
DTLZ3,9,learning,0.46904225809650424,0.8132438644556754,,
DTLZ3,9,decision,0.14782277687333456,1.5064129405372895,,
DTLZ4,3,learning,0.12033775546801458,0.08814165281313394,32.27869084528014,32.49182389620894
DTLZ4,3,decision,0.15375617186010368,0.08794147275882777,26.013550107868156,26.722912623483943
DTLZ4,4,learning,0.5032866919146274,0.38980586493706987,,
DTLZ4,4,decision,0.11098352546676879,0.11713246477711306,,
DTLZ4,5,learning,0.6153951179509283,0.6816002916479033,,
DTLZ4,5,decision,1.1334661149799947,1.1777993162523932,,
DTLZ4,6,learning,1.201433310827709,1.3861734636347605,,
DTLZ4,6,decision,1.2364448495577136,1.2436160311114899,,
DTLZ4,7,learning,3.4955236996215744,0.7745450987988092,,
DTLZ4,7,decision,0.46998688261962,0.27578260338871186,,
DTLZ4,8,learning,0.34034483090434986,0.3111676143819174,,
DTLZ4,8,decision,0.3462446425475191,0.2744135426732828,,
DTLZ4,9,learning,0.5610830020850113,0.5648284756345531,,
DTLZ4,9,decision,0.4748332087652975,0.27516952389261123,,
DTLZ1,3,learning,2.359730645198535,2.3566690344820853,32.74549850488846,33.27029915935523
DTLZ1,3,decision,1.7025891412300427,1.6637708070429045,23.742432051428988,24.057192367889133
DTLZ1,4,learning,2.4738806520004566,2.472404714579606,,
DTLZ1,4,decision,1.9325448189636898,1.9406092685855862,,
DTLZ1,5,learning,2.4466608484582197,2.504699923665239,,
DTLZ1,5,decision,1.7611354152297665,1.7370633270862907,,
DTLZ1,6,learning,2.5189170977418156,2.4977416287439196,,
DTLZ1,6,decision,2.4890435088970446,2.5426125335602388,,
DTLZ1,7,learning,2.6094676771002416,2.499535917306744,,
DTLZ1,7,decision,1.861258202097972,1.8942714437681647,,
DTLZ1,8,learning,2.8694841213006104,3.029939045931782,,
DTLZ1,8,decision,1.7224713092098816,1.7200524351046438,,
DTLZ1,9,learning,2.944703833250318,3.159478920415528,,
DTLZ1,9,decision,2.5612493101146474,2.6534426680807917,,
DTLZ2,3,learning,0.3145488048025104,0.03138891659626071,30.390016737163737,32.95478321646267
DTLZ2,3,decision,0.7054153426701926,0.08181891423756617,20.72466256821769,25.930712685496637
DTLZ2,4,learning,1.0382980866929683,0.06386874478068104,,
DTLZ2,4,decision,2.058911423169368,0.11268691376528087,,
DTLZ2,5,learning,0.2709850236636031,0.2960265070865719,,
DTLZ2,5,decision,1.1197429243652417,0.08618819843152319,,
DTLZ2,6,learning,1.7981553001280712,0.5791570460930509,,
DTLZ2,6,decision,0.4436360495939181,0.44278315072090846,,
DTLZ2,7,learning,0.37508614610181407,0.4225756715311725,,
DTLZ2,7,decision,1.3272347501637054,0.12986501349650337,,
DTLZ2,8,learning,0.6101414721196798,0.49068941394327276,,
DTLZ2,8,decision,0.33613918173259394,0.2973958714303038,,
DTLZ2,9,learning,0.5546882408889398,0.28189392993122264,,
DTLZ2,9,decision,0.9948634802309673,0.21888195055977894,,
DTLZ3,3,learning,0.13614637728988851,0.1188844243894733,33.37028139986863,33.64468521050874
DTLZ3,3,decision,0.26339776888320526,0.2061516957293168,24.110263020083863,24.714212228785343
DTLZ3,4,learning,0.13585097727476203,0.2711938227013147,,
DTLZ3,4,decision,0.10405799528118032,0.11961534391196446,,
DTLZ3,5,learning,0.33495104126716385,0.304530560667355,,
DTLZ3,5,decision,0.2568545429999014,0.24610812626087458,,
DTLZ3,6,learning,1.0960230587152175,0.5042689270474521,,
DTLZ3,6,decision,0.27702058384701533,0.6732761208418226,,
DTLZ3,7,learning,0.54226169011261,0.27223894170027924,,
DTLZ3,7,decision,0.33221589637975224,0.29991362824417506,,
DTLZ3,8,learning,0.5029364593015134,0.2890674352105627,,
DTLZ3,8,decision,0.43761426246104584,0.5111534097865388,,
DTLZ3,9,learning,0.5665171859480527,0.6397859286527765,,
DTLZ3,9,decision,0.4470067696766524,0.3811962189230154,,
DTLZ4,3,learning,0.10665967872046,0.06818953102500264,32.906366531799776,33.072373150238114
DTLZ4,3,decision,0.017729625608363477,0.030067066995562913,25.861004983740056,25.91055825955688
DTLZ4,4,learning,0.4780057543826959,0.3558437711183961,,
DTLZ4,4,decision,0.9328367382836569,0.9935500848997052,,
DTLZ4,5,learning,0.7138960438490223,0.678842220080623,,
DTLZ4,5,decision,0.946183925555993,0.9974180728575145,,
DTLZ4,6,learning,0.7185003270775574,0.7498971856177858,,
DTLZ4,6,decision,1.1110314746942698,0.9844705457740566,,
DTLZ4,7,learning,0.6508824000990718,0.5182797214207847,,
DTLZ4,7,decision,1.1132592282641993,1.1366730032838859,,
DTLZ4,8,learning,8.56140390025975,0.8733828099978709,,
DTLZ4,8,decision,5.138085729872539,1.1565273590883345,,
DTLZ4,9,learning,0.48475638456285114,0.3540016758835049,,
DTLZ4,9,decision,0.5029451731475703,0.26709508691781436,,
DTLZ1,3,learning,2.3379312154992618,2.340305763328884,33.39422848992819,33.78001321450375
DTLZ1,3,decision,1.6590525722740423,1.65930452292952,24.071274617851508,24.093818409193688
DTLZ1,4,learning,2.3477941583933912,2.359046640577783,,
DTLZ1,4,decision,1.6808089192221005,1.678589515172983,,
DTLZ1,5,learning,2.4114690158465373,2.4844009342308713,,
DTLZ1,5,decision,1.7017941024346424,1.690744716295673,,
DTLZ1,6,learning,2.803236297082102,2.7737609762049993,,
DTLZ1,6,decision,1.9374804618710533,2.401539515193892,,
DTLZ1,7,learning,2.3289817677576194,2.292241638884051,,
DTLZ1,7,decision,1.8469554109010138,1.8838263400840802,,
DTLZ1,8,learning,2.6932573649370144,2.4788165148448993,,
DTLZ1,8,decision,1.730918996047083,1.7266793634757232,,
DTLZ1,9,learning,2.3632828857750425,2.3020034614880363,,
DTLZ1,9,decision,2.594548444603107,2.5412752840785338,,
DTLZ2,3,learning,0.08741179167195011,0.0839990300139678,33.936788672247914,34.089635992612415
DTLZ2,3,decision,0.017646230554364484,0.026338973734294578,25.863684221168725,25.918995245233432
DTLZ2,4,learning,1.3138983291490725,0.13524120048229898,,
DTLZ2,4,decision,2.1466497152264403,1.0316040297944051,,
DTLZ2,5,learning,0.4588780141891675,0.43204118285010984,,
DTLZ2,5,decision,0.2472623341759011,0.25787589208205136,,
DTLZ2,6,learning,0.6984804558128139,0.7244761730007993,,
DTLZ2,6,decision,0.9585747290446689,0.9809474879781932,,
DTLZ2,7,learning,0.5825609570374977,0.6201206416088082,,
DTLZ2,7,decision,4.847710711317683,1.33107607787543,,
DTLZ2,8,learning,0.47306741283105386,0.37505184855993035,,
DTLZ2,8,decision,0.3369815676095523,0.37211137088835755,,
DTLZ2,9,learning,0.3233463853952282,0.2891341922078148,,
DTLZ2,9,decision,0.9948634802309673,0.3539393176009974,,
DTLZ3,3,learning,0.09327798675431173,0.09668643032204258,33.96096854314132,34.01564877334269
DTLZ3,3,decision,0.8637686908483861,0.03100723646282489,18.447326337280728,25.88152129908867
DTLZ3,4,learning,0.2206087868318165,0.3332681185919362,,
DTLZ3,4,decision,0.17603552565055294,0.1553494126117401,,
DTLZ3,5,learning,0.2877956726334256,0.4631751134126069,,
DTLZ3,5,decision,0.2618509768974075,0.2606893301394073,,
DTLZ3,6,learning,0.5460504184998433,0.8698274987656605,,
DTLZ3,6,decision,0.21980897450721076,0.12621056861093877,,
DTLZ3,7,learning,0.3866488333149726,0.7764477387401356,,
DTLZ3,7,decision,0.43154805996268975,0.36342336325565017,,
DTLZ3,8,learning,1.0406375706082502,0.7756898850128775,,
DTLZ3,8,decision,0.14238971098644193,1.2134034299330119,,
DTLZ3,9,learning,0.4480435787740045,1.2126186343906906,,
DTLZ3,9,decision,0.35341252024107683,0.9948634802309673,,
DTLZ4,3,learning,0.08823706191892716,0.046061657328176416,32.73535289634983,32.87174911649939
DTLZ4,3,decision,0.15433461151930764,0.12111202781373552,26.112273892803188,26.43895113154443
DTLZ4,4,learning,0.12688824899513818,0.01339699252734808,,
DTLZ4,4,decision,0.19047669425568747,0.16678484411286676,,
DTLZ4,5,learning,0.11176785846663162,0.10177978981782246,,
DTLZ4,5,decision,0.09667246030195273,0.08378150260383543,,
DTLZ4,6,learning,0.8652156313218243,0.8914541626137207,,
DTLZ4,6,decision,0.23908284940841668,0.251175122862531,,
DTLZ4,7,learning,4.369297908258684,0.4233722024585379,,
DTLZ4,7,decision,1.8142452243488614,0.2823041632085081,,
DTLZ4,8,learning,1.3069134208772855,1.3606277278715146,,
DTLZ4,8,decision,1.327038846390775,1.2341080872749015,,
DTLZ4,9,learning,1.3016085422534536,1.3629379952906866,,
DTLZ4,9,decision,1.1555411669827933,1.090289495100655,,
DTLZ1,3,learning,2.442862754668605,2.4118017170708503,33.71732061013425,34.23380153945069
DTLZ1,3,decision,2.2923670573206696,2.2878539476239967,25.883746509350352,25.91752872836193
DTLZ1,4,learning,2.7413089366165106,2.7368711655718667,,
DTLZ1,4,decision,2.610140865076568,2.579503859863858,,
DTLZ1,5,learning,2.509760010921707,2.51386921672049,,
DTLZ1,5,decision,2.3321941339404333,2.331599636682994,,
DTLZ1,6,learning,2.478266657304233,2.7316257832809345,,
DTLZ1,6,decision,1.7001458064079418,1.7130599165510452,,
DTLZ1,7,learning,2.658548777708144,2.7159398741184635,,
DTLZ1,7,decision,2.041918218391883,2.6477874204049883,,
DTLZ1,8,learning,2.5067411207271895,2.4911796822215377,,
DTLZ1,8,decision,2.2671122648054056,2.3220038425436775,,
DTLZ1,9,learning,2.5198555449688813,2.73400689989508,,
DTLZ1,9,decision,2.0301228613930684,2.4381545436040555,,
DTLZ2,3,learning,0.314309535757931,0.03284938431252696,30.388613724005054,32.97015035183155
DTLZ2,3,decision,0.017601161576449448,0.029442995979705993,25.866311506354428,25.90040209657862
DTLZ2,4,learning,0.1467784073994407,0.15567113371932517,,
DTLZ2,4,decision,0.19255303382112787,0.16623734857227376,,
DTLZ2,5,learning,0.7600761852627681,0.15299292173937312,,
DTLZ2,5,decision,2.2889115859852063,0.09907442524150084,,
DTLZ2,6,learning,1.0666851735478582,0.31843803431211587,,
DTLZ2,6,decision,1.2278795337304345,0.19163749156712362,,
DTLZ2,7,learning,0.6584711965264374,0.6342947450002023,,
DTLZ2,7,decision,1.1086831857867754,1.061776333008407,,
DTLZ2,8,learning,0.3200232732952968,0.2975415033454904,,
DTLZ2,8,decision,0.35918914810230074,0.20926687085327306,,
DTLZ2,9,learning,0.95998450680041,0.46730614511748614,,
DTLZ2,9,decision,0.5265044284568765,0.4745463650335915,,
DTLZ3,3,learning,0.09284769502857097,0.09283758196296008,32.55807904887312,32.584545547388345
DTLZ3,3,decision,0.03687592538866324,0.019650071274432128,24.072590996416693,24.094457213494632
DTLZ3,4,learning,0.2931142113634306,0.18216610481318765,,
DTLZ3,4,decision,0.09221513594382816,0.046494473397403015,,
DTLZ3,5,learning,0.19794644748616538,0.4499775751671049,,
DTLZ3,5,decision,0.14327470124501607,0.02648545491345511,,
DTLZ3,6,learning,0.3211626624859617,0.5990955625218013,,
DTLZ3,6,decision,0.21815107778844145,0.45939046518465615,,
DTLZ3,7,learning,0.431480564989319,0.48644625904248007,,
DTLZ3,7,decision,0.1342648885684285,0.299173783652031,,
DTLZ3,8,learning,0.5227805561461698,0.7090697243318531,,
DTLZ3,8,decision,0.4486765236734849,0.3079242110597202,,
DTLZ3,9,learning,0.3018119514543595,1.016136563795847,,
DTLZ3,9,decision,0.4507190250093468,0.5687091449002872,,
DTLZ4,3,learning,0.06129645339327392,0.027930423039922228,32.749271702902334,32.971996064717544
DTLZ4,3,decision,0.017830384401747328,0.0302464718261967,25.86829146206403,25.93673331205519
DTLZ4,4,learning,0.12780232687635185,0.014271661836011917,,
DTLZ4,4,decision,0.1128314333655033,0.13434815470378428,,
DTLZ4,5,learning,0.7134606190047648,0.7600740311891947,,
DTLZ4,5,decision,0.9398596660991618,0.9873243860355623,,
DTLZ4,6,learning,0.5692375634520278,0.5233708738219909,,
DTLZ4,6,decision,0.24138614569596206,0.23199409211017674,,
DTLZ4,7,learning,6.683473289655475,0.31356906789294614,,
DTLZ4,7,decision,3.5264504292804535,0.1213192642452626,,
DTLZ4,8,learning,1.0588110206392822,0.9619189257885146,,
DTLZ4,8,decision,1.3055313801139963,1.1755535021004477,,
DTLZ4,9,learning,0.8435157632076546,0.7700984209918892,,
DTLZ4,9,decision,0.5014858033211868,0.3211624932443383,,
DTLZ1,3,learning,2.214069687813209,2.223483699661246,32.980098314740175,32.46041836541854
DTLZ1,3,decision,1.700518434439363,1.702010296104274,24.655040237997717,24.68365020147263
DTLZ1,4,learning,2.788813504729293,2.7815302386263054,,
DTLZ1,4,decision,2.124627620981434,2.1197332004229064,,
DTLZ1,5,learning,2.3885152564524827,2.42630345765962,,
DTLZ1,5,decision,1.8100909455926892,1.90404563929811,,
DTLZ1,6,learning,2.412574646954308,2.510101808282703,,
DTLZ1,6,decision,1.90861887724854,2.400275891781506,,
DTLZ1,7,learning,2.6503095337444855,2.8863223640814466,,
DTLZ1,7,decision,2.0117967346407095,2.459084925389106,,
DTLZ1,8,learning,2.6790920798431768,2.688989216614954,,
DTLZ1,8,decision,2.0176640648451407,2.356766236376876,,
DTLZ1,9,learning,2.766985676110747,2.383466776388136,,
DTLZ1,9,decision,2.0456722973118144,2.035114569472334,,
DTLZ2,3,learning,0.3709551479435487,0.12079315881472476,30.612947845607806,33.04475183452472
DTLZ2,3,decision,0.1951832079692076,0.2067239148379083,24.649988695025367,24.707348286252923
DTLZ2,4,learning,0.27455698306084797,0.2603189638837728,,
DTLZ2,4,decision,0.1102833678090722,0.12267582906774745,,
DTLZ2,5,learning,0.9070427718895793,0.4151081816257491,,
DTLZ2,5,decision,4.242640687119286,1.2105223201859237,,
DTLZ2,6,learning,0.34120660245057277,0.23911024511958012,,
DTLZ2,6,decision,0.27315598929365326,0.24589307701162444,,
DTLZ2,7,learning,1.4400886927376013,0.5593993968683243,,
DTLZ2,7,decision,0.4698368320719931,3.4622977842110467,,
DTLZ2,8,learning,0.4786922185789694,0.45477066780139164,,
DTLZ2,8,decision,0.3570083908112667,0.35738073592918124,,
DTLZ2,9,learning,1.2403573519501971,0.747697815414298,,
DTLZ2,9,decision,2.6997750966527887,1.2294480434992896,,
DTLZ3,3,learning,1.2801320236834044,0.22106331745471564,26.36331214641077,34.42607523330922
DTLZ3,3,decision,0.12130415389353175,0.09107423844456064,26.402432733192416,26.565149253816195
DTLZ3,4,learning,0.1922209286005619,0.15081207301019234,,
DTLZ3,4,decision,0.09620413719654697,0.0664424232379775,,
DTLZ3,5,learning,0.3067592765695262,0.38408494189226083,,
DTLZ3,5,decision,0.05130469364760793,0.10469162569130144,,
DTLZ3,6,learning,0.3063907675189259,0.4672050295639207,,
DTLZ3,6,decision,0.21889070741593752,0.12396290608550392,,
DTLZ3,7,learning,0.5510426153228831,0.5945839797802199,,
DTLZ3,7,decision,0.43154660310394843,0.3654405362746127,,
DTLZ3,8,learning,0.8623060101401161,0.5038309118386832,,
DTLZ3,8,decision,0.14008474069581323,0.38301095247143396,,
DTLZ3,9,learning,0.4715556242260524,2.126448397592267,,
DTLZ3,9,decision,0.5459444375132485,2.929314294283667,,
DTLZ4,3,learning,0.12060201812864729,0.0889465867839527,32.278165951891594,32.49432655184644
DTLZ4,3,decision,0.19639692669396908,0.21078954866736072,24.646813693588776,24.682962066869738
DTLZ4,4,learning,0.12777802796138524,0.012892444481927345,,
DTLZ4,4,decision,0.9319139687297118,1.029561723944281,,
DTLZ4,5,learning,0.20026568299345912,0.07009159644750948,,
DTLZ4,5,decision,0.11569181080303524,0.09524555894939107,,
DTLZ4,6,learning,0.7922247906632844,0.9074430243395528,,
DTLZ4,6,decision,1.1412960493414936,1.202377498470881,,
DTLZ4,7,learning,1.0136554787980956,0.9160358834818754,,
DTLZ4,7,decision,0.46467828410841866,0.3067922206921667,,
DTLZ4,8,learning,0.6009829566180398,0.6891780106468831,,
DTLZ4,8,decision,1.3873973209808992,1.2470320126319314,,
DTLZ4,9,learning,1.1254277999480289,0.8992881336848071,,
DTLZ4,9,decision,1.2148757407870676,1.0533597495193372,,
DTLZ1,3,learning,2.5544829911271356,2.6288883909843634,34.882501216373605,34.32490643663724
DTLZ1,3,decision,1.8748517392268615,1.874568527209854,25.858004955598815,25.905946293006817
DTLZ1,4,learning,2.632638358558869,2.659813943342226,,
DTLZ1,4,decision,2.3405228253103494,2.322665595821795,,
DTLZ1,5,learning,3.3413006706028967,2.6775339482605793,,
DTLZ1,5,decision,1.9048494859669889,1.9255577114189424,,
DTLZ1,6,learning,2.5959108053339706,2.7812151079555947,,
DTLZ1,6,decision,2.4901486744576764,2.8248255143838215,,
DTLZ1,7,learning,2.818044327096238,2.5614086736259267,,
DTLZ1,7,decision,1.9824532314204026,2.491385370772661,,
DTLZ1,8,learning,2.9838344420957363,3.118122220440549,,
DTLZ1,8,decision,2.844226845852096,3.585422335655581,,
DTLZ1,9,learning,2.783040640871341,3.166896069584859,,
DTLZ1,9,decision,2.774221017626441,3.0816742675748694,,
DTLZ2,3,learning,0.03298132181757458,0.02858148241250308,33.017426754552986,32.96966009452317
DTLZ2,3,decision,0.018276227313814605,0.029650748763549926,25.85600023745979,25.91849188275956
DTLZ2,4,learning,0.13454994180104296,0.10205733903251854,,
DTLZ2,4,decision,2.0589114231693686,0.12451404262794155,,
DTLZ2,5,learning,0.9145981261432565,0.13490191347518868,,
DTLZ2,5,decision,0.24673628378686074,0.24034587659409354,,
DTLZ2,6,learning,1.7490644409694913,0.8343233660206675,,
DTLZ2,6,decision,0.4256230054223846,0.4470856591576446,,
DTLZ2,7,learning,0.9596684325723916,0.16222338779178105,,
DTLZ2,7,decision,1.3272347501637054,0.12027411553799246,,
DTLZ2,8,learning,1.2855076386280508,0.45299031579875143,,
DTLZ2,8,decision,0.47942254556352437,0.4622377312519079,,
DTLZ2,9,learning,0.7231906559240566,0.2486834129721059,,
DTLZ2,9,decision,0.9948634802309673,0.3201613907117101,,
DTLZ3,3,learning,0.09873854998505556,0.07757769749133377,33.92178862866355,33.81713542542281
DTLZ3,3,decision,0.20322347734599414,0.26152165524833565,24.616909777529905,24.21092691959827
DTLZ3,4,learning,0.13082831562100875,0.09315709781999511,,
DTLZ3,4,decision,0.0985613844793134,0.06042667000600957,,
DTLZ3,5,learning,0.21381640813715097,0.39112291800174004,,
DTLZ3,5,decision,0.09658213905367588,0.10490378024219596,,
DTLZ3,6,learning,0.4011372965711704,0.8932816982388663,,
DTLZ3,6,decision,0.22416207347300637,1.2278795337304345,,
DTLZ3,7,learning,0.5719784114144164,1.0957654709629978,,
DTLZ3,7,decision,0.4379347221348503,0.45146344116744586,,
DTLZ3,8,learning,0.4049051587341056,0.28244254857882584,,
DTLZ3,8,decision,0.4503741616403627,0.3616380017498415,,
DTLZ3,9,learning,0.41260498267573803,0.4707209338864771,,
DTLZ3,9,decision,0.4861789320297315,0.6555775255687559,,
DTLZ4,3,learning,0.08951735980491432,0.03456855519053924,32.73771103528384,32.94527245244478
DTLZ4,3,decision,0.1544558568868297,0.12176780494961907,26.06797261018795,26.427158978076108
DTLZ4,4,learning,0.18699123328450748,0.08344084440553622,,
DTLZ4,4,decision,0.10990346951077101,0.10806462569175476,,
DTLZ4,5,learning,0.3856101820079354,0.41130862774589955,,
DTLZ4,5,decision,0.9394593593342215,0.9976479320595635,,
DTLZ4,6,learning,0.8604990817509133,0.8769643688881156,,
DTLZ4,6,decision,1.0428752998712152,1.0351282173396523,,
DTLZ4,7,learning,0.8712678257865565,0.7226536203231064,,
DTLZ4,7,decision,1.2070012660297076,1.0517903028397373,,
DTLZ4,8,learning,0.6789850593667542,0.4863106173825415,,
DTLZ4,8,decision,1.4889304196412967,1.2100147543616897,,
DTLZ4,9,learning,1.3056372243114354,1.3459044360211676,,
DTLZ4,9,decision,1.2912964062184633,1.045035088808593,,
DTLZ1,3,learning,2.339597998839753,2.3387225666905884,32.5265200975928,32.47488006399112
DTLZ1,3,decision,1.658998420912064,1.6592776017565412,24.07197592496238,24.09450344254458
DTLZ1,4,learning,2.376166911288215,2.5496105412751255,,
DTLZ1,4,decision,1.7087154478963185,1.6785907941728064,,
DTLZ1,5,learning,2.380838416916083,2.51379675252425,,
DTLZ1,5,decision,1.919591849980751,1.9537439939525325,,
DTLZ1,6,learning,2.5448530360760566,2.5081192815403766,,
DTLZ1,6,decision,1.8060365303756636,1.8848282286070233,,
DTLZ1,7,learning,2.902817148364208,3.112365310027941,,
DTLZ1,7,decision,2.2551559025256336,2.27089602947146,,
DTLZ1,8,learning,2.7954589051176075,2.998393067850828,,
DTLZ1,8,decision,2.491553774434933,2.814152209070073,,
DTLZ1,9,learning,2.421686847208603,2.500823408618443,,
DTLZ1,9,decision,1.9057102046976735,1.9088165406447415,,
DTLZ2,3,learning,0.09166201940668905,0.09173643426123805,32.56822664575634,32.48374533746336
DTLZ2,3,decision,0.19626929322766395,0.20862511834840414,24.64649266114929,24.70200853930289
DTLZ2,4,learning,0.13508180328281344,0.11827460481101451,,
DTLZ2,4,decision,0.9999801417918156,0.053317655158019825,,
DTLZ2,5,learning,0.4167196302154849,0.49971036405740976,,
DTLZ2,5,decision,0.9441848790054306,0.9829903891278987,,
DTLZ2,6,learning,0.27623084511080637,0.22671177550672522,,
DTLZ2,6,decision,0.2192611557057183,0.179828328135762,,
DTLZ2,7,learning,2.0710868989455977,0.5786523583828027,,
DTLZ2,7,decision,2.690560582565893,0.2793843567291836,,
DTLZ2,8,learning,0.4514901373399784,0.44013944787052434,,
DTLZ2,8,decision,0.9527484389177165,0.2338449709560969,,
DTLZ2,9,learning,0.5196257257097607,1.984778726949075,,
DTLZ2,9,decision,0.5050636509893595,0.38468556403268217,,
DTLZ3,3,learning,0.16814391897026976,0.20856517639065575,34.23489364536558,34.088440224917306
DTLZ3,3,decision,0.10248655309920272,0.0887791259309876,25.862755162860907,26.131648251331974
DTLZ3,4,learning,0.26718563172665577,0.20359996816131065,,
DTLZ3,4,decision,0.2565110294862413,0.2796522824328834,,
DTLZ3,5,learning,0.6641479314898925,0.9019742439786407,,
DTLZ3,5,decision,0.24757256417311047,0.2587961638767946,,
DTLZ3,6,learning,0.20913935490881497,0.7011304902529386,,
DTLZ3,6,decision,0.28679968011527124,0.8623700336780541,,
DTLZ3,7,learning,0.28751220388634335,0.44341430264629866,,
DTLZ3,7,decision,0.4234929643217443,0.47896083686760715,,
DTLZ3,8,learning,0.6103637581385508,1.0091058073980665,,
DTLZ3,8,decision,0.5170864313252781,2.7280183735859724,,
DTLZ3,9,learning,0.43845539758773777,2.176448216145419,,
DTLZ3,9,decision,0.5312314603184761,3.039591460781746,,
DTLZ4,3,learning,0.0719082897681435,0.04903534331468782,33.56202457862934,33.590747281779436
DTLZ4,3,decision,0.0992718281721508,0.0806384968916983,25.757786549764155,26.041056374458513
DTLZ4,4,learning,0.15068515087793785,0.03251831780555015,,
DTLZ4,4,decision,0.09383958945907062,0.05487815181891466,,
DTLZ4,5,learning,0.11826526092899653,0.07021841458292573,,
DTLZ4,5,decision,0.04362477665410979,0.03980430718604562,,
DTLZ4,6,learning,0.2050573458605459,0.18804295322476144,,
DTLZ4,6,decision,0.2714720690241962,0.25166970861590215,,
DTLZ4,7,learning,5.076506325501828,0.5222685725684586,,
DTLZ4,7,decision,1.4557762041090592,1.3405961546476934,,
DTLZ4,8,learning,0.6145371832234842,0.4323893867630954,,
DTLZ4,8,decision,0.47931435573265374,0.35939124730751376,,
DTLZ4,9,learning,0.8397427380206542,0.868626566392662,,
DTLZ4,9,decision,1.493876787160752,1.2805294182251377,,
DTLZ1,3,learning,2.532652677433001,2.5844679196652174,33.97484988664294,33.16756842687294
DTLZ1,3,decision,2.293751956114692,2.2863980028739723,25.857430919175034,25.92785832719575
DTLZ1,4,learning,2.7856619033217207,2.586420581816888,,
DTLZ1,4,decision,2.3343026288234228,2.3196453738199576,,
DTLZ1,5,learning,2.3931457912091894,2.256090872437012,,
DTLZ1,5,decision,1.7398699345895483,2.0514708823471564,,
DTLZ1,6,learning,2.5346054688855197,2.504587803587875,,
DTLZ1,6,decision,2.4705507725960443,2.3978487069618275,,
DTLZ1,7,learning,2.732082744594444,2.5013141823251055,,
DTLZ1,7,decision,2.2696553991785877,2.286341409309439,,
DTLZ1,8,learning,2.6714603232963685,2.6049904036255356,,
DTLZ1,8,decision,2.0102012277797994,2.210269545584925,,
DTLZ1,9,learning,2.5837034734179514,2.670142427867778,,
DTLZ1,9,decision,1.9668079704538872,2.099817484403192,,
DTLZ2,3,learning,0.09172590805725991,0.05468902849633496,32.5453020929943,32.769858079567754
DTLZ2,3,decision,0.09950964699031968,0.08008636679482109,25.695335603278032,25.94535223938059
DTLZ2,4,learning,0.18757824086709166,0.20974131543592106,,
DTLZ2,4,decision,0.2550647627746133,0.31558642563441625,,
DTLZ2,5,learning,1.4428132859839575,0.14727370193845785,,
DTLZ2,5,decision,0.8134238246749115,0.04791224302712649,,
DTLZ2,6,learning,0.5213961924063855,0.5190982666440999,,
DTLZ2,6,decision,0.24178997506733976,0.21595734750889492,,
DTLZ2,7,learning,1.2109882408389663,0.4979175950685849,,
DTLZ2,7,decision,0.324661546602555,0.16161141181912259,,
DTLZ2,8,learning,0.5013081267022412,0.4268046100201885,,
DTLZ2,8,decision,0.5126739742474988,0.3060164282824657,,
DTLZ2,9,learning,0.42243554009917905,0.4392533567121682,,
DTLZ2,9,decision,0.15227793051082222,0.13707477448037458,,
DTLZ3,3,learning,0.05133310517930764,0.17152583793030998,34.7305561552717,33.18713305981862
DTLZ3,3,decision,0.016868322224338962,0.030613189831345936,25.901454591175405,25.90799721374151
DTLZ3,4,learning,0.21986694088804232,0.22459078530671306,,
DTLZ3,4,decision,0.109347128538508,0.12319335087167599,,
DTLZ3,5,learning,1.6932622442604335,0.28672657657782663,,
DTLZ3,5,decision,2.288891946548597,0.12996205515461323,,
DTLZ3,6,learning,0.44563712304227343,0.5157652355617308,,
DTLZ3,6,decision,0.42101048766837623,0.45843485136057177,,
DTLZ3,7,learning,0.6021568257097646,0.49109772319052913,,
DTLZ3,7,decision,0.4394607009313266,0.34071961342956436,,
DTLZ3,8,learning,0.3325897277436839,0.3642470454763142,,
DTLZ3,8,decision,0.1445267577652505,0.6536686031010223,,
DTLZ3,9,learning,0.31678209634803633,0.4684196940188671,,
DTLZ3,9,decision,0.5189044382876559,0.9219194265330057,,
DTLZ4,3,learning,0.08641895010564536,0.06296301721114887,33.43316178592666,33.718350687817704
DTLZ4,3,decision,0.09842532624372932,0.07334684727132545,25.71519334205882,26.042116403009
DTLZ4,4,learning,0.4075225702126608,0.3712299758082173,,
DTLZ4,4,decision,1.12238589946933,1.0628254426093857,,
DTLZ4,5,learning,0.37950771204455974,0.3994260882320974,,
DTLZ4,5,decision,0.939087918046206,0.979443786533849,,
DTLZ4,6,learning,0.6158962083726096,0.5667424754114848,,
DTLZ4,6,decision,1.1229442565929824,0.974681506919115,,
DTLZ4,7,learning,0.32571067874950277,0.28903313018093235,,
DTLZ4,7,decision,0.34619754821450893,0.30781056251589767,,
DTLZ4,8,learning,1.2797110345279572,1.1768389199751674,,
DTLZ4,8,decision,1.446553030264922,1.2114906822138267,,
DTLZ4,9,learning,0.8448927224501576,0.7626658927790174,,
DTLZ4,9,decision,1.2358911609459329,1.0037093582794334,,
DTLZ1,3,learning,2.52723637577202,2.584296804581447,34.56181706178247,34.292156871942446
DTLZ1,3,decision,2.291951437334504,2.2874579366154664,25.865174614286513,25.913973271430727
DTLZ1,4,learning,2.394406542831161,2.3856771737789733,,
DTLZ1,4,decision,1.7364263195445153,1.6786826994959783,,
DTLZ1,5,learning,2.406243330113417,2.4677683233362577,,
DTLZ1,5,decision,2.159830929638519,2.2282043356359393,,
DTLZ1,6,learning,2.396705926327897,2.4295060337109162,,
DTLZ1,6,decision,1.917064993624796,2.3344313188560317,,
DTLZ1,7,learning,2.6744628606486067,2.766634343528466,,
DTLZ1,7,decision,2.091451211950709,2.393381021545187,,
DTLZ1,8,learning,2.7040565742668754,3.038767030801936,,
DTLZ1,8,decision,2.0680313408413715,2.9813503357507822,,
DTLZ1,9,learning,2.8258595277266396,3.12158509568238,,
DTLZ1,9,decision,2.542290593575985,2.915410662766281,,
DTLZ2,3,learning,0.1025592856431074,0.09601471521793309,33.845969682998884,33.85304303823804
DTLZ2,3,decision,0.10054895505398542,0.0794368479099379,25.690395484986833,25.991259605717282
DTLZ2,4,learning,0.16655149166538094,0.1734415901808184,,
DTLZ2,4,decision,0.47182704354968674,0.18195596582783302,,
DTLZ2,5,learning,0.10791957730489195,0.08939882524957046,,
DTLZ2,5,decision,0.046826698647156266,0.09098739083848076,,
DTLZ2,6,learning,0.7650792785069207,0.7141398675789982,,
DTLZ2,6,decision,1.0391194836631632,1.0265378107865815,,
DTLZ2,7,learning,1.1779091396178476,1.6499372306419053,,
DTLZ2,7,decision,0.6960609450743889,0.31797227541793377,,
DTLZ2,8,learning,2.414363357049963,0.3168357881397409,,
DTLZ2,8,decision,2.870386080000573,0.3695680208653186,,
DTLZ2,9,learning,0.39520449053646356,0.33298416330573355,,
DTLZ2,9,decision,0.3950647661108451,0.3041711126234877,,
DTLZ3,3,learning,0.11780244431463782,0.06842858536181085,34.02784870664795,34.20569700260751
DTLZ3,3,decision,0.26657914165464447,0.2083397138314786,24.077486144694767,24.714421374839525
DTLZ3,4,learning,0.8863267664175369,0.1518617159989588,,
DTLZ3,4,decision,0.4679042254712466,0.2721462592483095,,
DTLZ3,5,learning,0.2426236880705587,0.2480268426915486,,
DTLZ3,5,decision,0.24160098228221297,0.26432008336569557,,
DTLZ3,6,learning,0.4076772198424258,0.28049555972075807,,
DTLZ3,6,decision,0.4213413626527367,0.4748867367480907,,
DTLZ3,7,learning,0.550928822114542,1.5174986654878315,,
DTLZ3,7,decision,0.36792053379501427,0.9086835705695446,,
DTLZ3,8,learning,0.559537939632205,0.45978701906697883,,
DTLZ3,8,decision,1.4196534840340997,1.041164095888596,,
DTLZ3,9,learning,0.4125234330689507,0.8271808514950985,,
DTLZ3,9,decision,0.15004571738980227,1.5064129405372895,,
DTLZ4,3,learning,,0.05427234555932582,,33.036996734479466
DTLZ4,3,decision,0.37402255260971445,0.11935808673233009,24.106537477797552,26.453179920494172
DTLZ4,4,learning,0.4369011060610641,0.39214545144345225,,
DTLZ4,4,decision,0.9277192077757204,1.0139732899737333,,
DTLZ4,5,learning,0.8112056330161868,0.6746768089854952,,
DTLZ4,5,decision,0.9434183071925049,0.9895632290378263,,
DTLZ4,6,learning,0.8119528135967378,0.8265796030854204,,
DTLZ4,6,decision,0.2403619573129531,0.24407968036223687,,
DTLZ4,7,learning,5.405380799827055,0.38270840858526495,,
DTLZ4,7,decision,0.4387080682782295,0.4619035566124936,,
DTLZ4,8,learning,0.8374342465795825,0.6548561958602745,,
DTLZ4,8,decision,0.5097326134348501,0.33913411514230524,,
DTLZ4,9,learning,1.1452381843526296,1.1534542928794378,,
DTLZ4,9,decision,1.2466914204153936,1.259084371583414,,
DTLZ1,3,learning,2.3019171440448534,2.3700423499533003,34.23830136633778,33.02629697840235
DTLZ1,3,decision,1.700818690200312,1.696111949204167,24.668021183667577,24.92151036407661
DTLZ1,4,learning,2.5828180020892044,2.601973315127869,,
DTLZ1,4,decision,1.8672095899005705,1.9388148369390321,,
DTLZ1,5,learning,2.7520183678815773,2.9914182382089725,,
DTLZ1,5,decision,1.836936756138932,2.070487090339655,,
DTLZ1,6,learning,2.722184892077965,3.5610091113168023,,
DTLZ1,6,decision,1.9408842592183304,2.401539515193892,,
DTLZ1,7,learning,2.466108668292655,2.38250348479392,,
DTLZ1,7,decision,2.049311708911264,2.1168668851919286,,
DTLZ1,8,learning,2.747513033735362,3.046366850581815,,
DTLZ1,8,decision,2.523075918337659,2.847166521518815,,
DTLZ1,9,learning,2.8288443623402775,2.8588438951476727,,
DTLZ1,9,decision,1.7245488690887458,1.7176626634436754,,
DTLZ2,3,learning,0.09186377554685854,0.09655609680806175,32.545168351170545,32.47824503103927
DTLZ2,3,decision,0.7054153426701922,0.0838693278776258,20.724662568217692,25.94961964664261
DTLZ2,4,learning,0.41565401152434134,0.07903699386539564,,
DTLZ2,4,decision,0.3782613776386019,0.1496853476336366,,
DTLZ2,5,learning,1.9785132840835136,0.18143136225558884,,
DTLZ2,5,decision,2.288911585985207,0.099733270123774,,
DTLZ2,6,learning,1.6367011787149028,0.7716227227195576,,
DTLZ2,6,decision,2.3833541971174235,1.0476783600163708,,
DTLZ2,7,learning,1.162549951456586,0.6566192456208029,,
DTLZ2,7,decision,1.2980005956608847,1.2718108875931562,,
DTLZ2,8,learning,0.5175833693659134,0.482279977515568,,
DTLZ2,8,decision,0.49755133815576724,0.31247964624759017,,
DTLZ2,9,learning,0.548297645961309,0.38016533969388466,,
DTLZ2,9,decision,1.0558996100477307,1.0637473017239947,,
DTLZ3,3,learning,0.02742657015180676,0.14540987756757318,34.44788025927487,33.36964805778678
DTLZ3,3,decision,0.01784184422225736,0.03456401302896017,25.83848512686295,25.922459987264716
DTLZ3,4,learning,0.5931204913929902,0.24784833661892136,,
DTLZ3,4,decision,0.10104325294060851,0.119328004153511,,
DTLZ3,5,learning,1.0469415699840554,0.8594534372251933,,
DTLZ3,5,decision,0.23900043988896658,0.20499515579234248,,
DTLZ3,6,learning,0.4769536878078617,0.343551291199517,,
DTLZ3,6,decision,0.24657300700856483,1.0904550732277944,,
DTLZ3,7,learning,0.51463458445199,0.6550627067572847,,
DTLZ3,7,decision,0.42051921460369657,0.47238681063640375,,
DTLZ3,8,learning,0.39438382688711693,0.3983821509093398,,
DTLZ3,8,decision,0.14186562773757053,1.3433592862844956,,
DTLZ3,9,learning,0.46132735421879395,1.6211903637441358,,
DTLZ3,9,decision,0.5251161770170041,2.507362092499791,,
DTLZ4,3,learning,0.10588358662616465,0.07420820772824535,33.57427377825367,33.79464173434536
DTLZ4,3,decision,0.01771395092333934,0.028402034587042272,25.862287153721116,25.891997119192144
DTLZ4,4,learning,0.24197227470510474,0.19865241292351637,,
DTLZ4,4,decision,0.19367583027919588,0.16851902434526916,,
DTLZ4,5,learning,0.7967862937610912,0.7724792882817251,,
DTLZ4,5,decision,1.1279539159545773,1.2185460956659357,,
DTLZ4,6,learning,0.8464163256452376,0.8798773533598477,,
DTLZ4,6,decision,0.9703199122432551,1.1073505080317065,,
DTLZ4,7,learning,5.967221056735365,0.3636472350585449,,
DTLZ4,7,decision,1.5595582716030763,1.3268869973742372,,
DTLZ4,8,learning,1.509498623821682,1.2847776488171818,,
DTLZ4,8,decision,1.4792482157303803,1.2928264518650698,,
DTLZ4,9,learning,1.051322911049721,1.1269844356041765,,
DTLZ4,9,decision,1.1991137137288859,1.017352491474374,,
DTLZ1,3,learning,2.3477791028236967,2.337842178416617,32.41820471402104,32.507129865520334
DTLZ1,3,decision,1.65911021898629,1.6592906661992641,24.070329333122967,24.094394437778067
DTLZ1,4,learning,2.529300051069364,2.5412854672626297,,
DTLZ1,4,decision,2.1367058942224477,2.137232398912456,,
DTLZ1,5,learning,2.6456190153966395,2.90572356923625,,
DTLZ1,5,decision,1.7152479229875621,1.6908236974510824,,
DTLZ1,6,learning,2.4745760876477556,2.499663403145961,,
DTLZ1,6,decision,1.7004789443205335,1.7035722913613918,,
DTLZ1,7,learning,2.5255252075555314,2.513213228988934,,
DTLZ1,7,decision,2.022519304941736,2.798989073122567,,
DTLZ1,8,learning,2.4588072339980287,2.584080457018091,,
DTLZ1,8,decision,2.0420723540602346,2.9813503357507827,,
DTLZ1,9,learning,2.6833556930147497,2.5881180967780812,,
DTLZ1,9,decision,1.7276392142504937,1.7172960651552391,,
DTLZ2,3,learning,0.36913164417720357,0.7693321616990114,31.31442654139264,30.154455259487
DTLZ2,3,decision,0.7022275574938549,0.10949286557264835,22.10117660765978,26.49964441037278
DTLZ2,4,learning,0.08963266333633806,0.10139579356129352,,
DTLZ2,4,decision,0.7613373510551236,0.16054312046214933,,
DTLZ2,5,learning,0.21220015788904384,0.18554828468434312,,
DTLZ2,5,decision,0.050582012721063135,0.039204358850021936,,
DTLZ2,6,learning,0.8070939589660604,0.8618547189898567,,
DTLZ2,6,decision,0.970794438498511,1.1012426333614056,,
DTLZ2,7,learning,0.5823118471810351,0.5337865413118591,,
DTLZ2,7,decision,2.6905605824731786,1.3190843852177943,,
DTLZ2,8,learning,0.3477087250462907,0.3303042616610688,,
DTLZ2,8,decision,0.5278539744381896,0.3188448376623262,,
DTLZ2,9,learning,1.5229726017805392,0.4380332921923823,,
DTLZ2,9,decision,0.5294161484287416,0.46403418194709767,,
DTLZ3,3,learning,0.06667930037408043,0.053389723237597615,34.65274582667946,34.68240234878437
DTLZ3,3,decision,0.01870474577454006,0.037250717218590385,25.844564326771863,25.92731163487856
DTLZ3,4,learning,0.21890380946701649,0.32751726410530335,,
DTLZ3,4,decision,0.25237090513333793,0.3034680315535422,,
DTLZ3,5,learning,0.18813932419325335,0.5046217152439847,,
DTLZ3,5,decision,0.09654734092647213,0.0839910465316588,,
DTLZ3,6,learning,0.41972355851225207,0.22557595079201834,,
DTLZ3,6,decision,0.2181851757105589,0.13711536275759556,,
DTLZ3,7,learning,0.6195301612297784,1.0068255450523231,,
DTLZ3,7,decision,0.5008139502172556,2.690560582565893,,
DTLZ3,8,learning,0.4161183767133454,0.3290335887125347,,
DTLZ3,8,decision,0.14206339661486792,0.24386390632546273,,
DTLZ3,9,learning,0.4054807217741411,0.8176679972052536,,
DTLZ3,9,decision,0.13951219419766406,1.5064129405372895,,
DTLZ4,3,learning,0.08599210085453186,0.039171175405338696,33.43064711178431,33.74924252878748
DTLZ4,3,decision,0.01768387940183195,0.03089362886770503,25.86173914171871,25.920866037119474
DTLZ4,4,learning,0.4748487763153631,0.43703749978427886,,
DTLZ4,4,decision,0.9295840772914719,1.0280216917990102,,
DTLZ4,5,learning,0.08840506055793249,0.12270745657972988,,
DTLZ4,5,decision,0.11782328191943593,0.09990209652440797,,
DTLZ4,6,learning,0.8196080665006211,0.8125306558993338,,
DTLZ4,6,decision,1.0339203930945615,1.048029052686816,,
DTLZ4,7,learning,1.0152249004105673,1.127836372876775,,
DTLZ4,7,decision,1.1745668995295047,1.0973789407988723,,
DTLZ4,8,learning,0.5460243485888996,0.5354561324056155,,
DTLZ4,8,decision,0.45753806546978504,0.3369114537576961,,
DTLZ4,9,learning,0.5640961075227026,0.5070963702214176,,
DTLZ4,9,decision,0.4460388817228299,0.46475341207664206,,
DTLZ1,3,learning,2.537437015034082,2.5179318206331662,33.87496703681496,34.18251314084075
DTLZ1,3,decision,2.0814222466706207,2.052912552609508,26.297776875344923,26.72367351433143
DTLZ1,4,learning,2.2950861631045836,2.2578734297683605,,
DTLZ1,4,decision,1.6798634240816863,6.1500536522279985,,
DTLZ1,5,learning,2.402306296967935,2.387449336413651,,
DTLZ1,5,decision,1.8392262361504677,2.241729027145407,,
DTLZ1,6,learning,2.9245483516499036,3.4134876780110086,,
DTLZ1,6,decision,2.2755485638878654,2.3113570361170965,,
DTLZ1,7,learning,2.5778908525946393,2.662545523797306,,
DTLZ1,7,decision,1.8448707272615257,1.8945257365958064,,
DTLZ1,8,learning,2.5921230645829603,2.604135168853575,,
DTLZ1,8,decision,1.7152973206820832,1.7259196855768182,,
DTLZ1,9,learning,2.4937067435864035,2.4757248666987826,,
DTLZ1,9,decision,2.0951488546657293,2.629666902371025,,
DTLZ2,3,learning,0.31457498961321334,0.04521235066259471,30.390565015698765,32.854290161837525
DTLZ2,3,decision,0.29843656545052066,0.07473646699479439,24.11016185430982,26.01717278156468
DTLZ2,4,learning,0.19007944710381316,0.18413971302224652,,
DTLZ2,4,decision,0.2592286575719546,0.27228974862851446,,
DTLZ2,5,learning,0.12339769504750533,0.08579569749112168,,
DTLZ2,5,decision,0.11739135847861672,0.09827506368882571,,
DTLZ2,6,learning,0.34608125224714564,0.27418546163615504,,
DTLZ2,6,decision,0.2687552290775771,0.27365827725556774,,
DTLZ2,7,learning,0.4215515586382001,0.32144454618429164,,
DTLZ2,7,decision,0.4803677952111328,0.32939304122078444,,
DTLZ2,8,learning,0.7545738627887661,0.6921416330511788,,
DTLZ2,8,decision,1.3074415308983156,0.9777156298261318,,
DTLZ2,9,learning,0.39605419381452234,0.27649113036277195,,
DTLZ2,9,decision,0.37142933289084684,0.3764402898809992,,
DTLZ3,3,learning,0.11533395550774811,0.103512062806596,34.52352347300206,34.59774884739928
DTLZ3,3,decision,0.017775127548010545,0.03409581955262679,25.84795764987007,25.918305616560204
DTLZ3,4,learning,0.20015637875807651,0.4269703676925546,,
DTLZ3,4,decision,0.09364043480537021,0.05729449588316358,,
DTLZ3,5,learning,0.22893628336649147,0.4289502248612276,,
DTLZ3,5,decision,0.09659928565612874,0.08476442991120298,,
DTLZ3,6,learning,0.38670847406479203,0.4459680201227314,,
DTLZ3,6,decision,0.3899864226557104,0.3587199706696853,,
DTLZ3,7,learning,1.1593588102071224,1.6978262386026195,,
DTLZ3,7,decision,1.2038396557440199,2.256140267844753,,
DTLZ3,8,learning,0.579286643246694,1.6094232033527394,,
DTLZ3,8,decision,0.49215336085461026,1.068411307501148,,
DTLZ3,9,learning,0.37991657146227253,0.4134106609365294,,
DTLZ3,9,decision,1.5064129405372895,1.0198845077035923,,
DTLZ4,3,learning,0.06127078095901456,0.028838530907117525,32.74867258217046,32.93300703720104
DTLZ4,3,decision,0.01777333277458848,0.029746048304989503,25.86276813068421,25.919711546459194
DTLZ4,4,learning,0.4543844470164,0.35162664551003986,,
DTLZ4,4,decision,1.0251965796314326,1.0295692195923627,,
DTLZ4,5,learning,0.3981770772145752,0.36800906319585647,,
DTLZ4,5,decision,0.9463015374677062,0.9716603392142285,,
DTLZ4,6,learning,1.0475873710303514,1.0961776732066415,,
DTLZ4,6,decision,1.1519775627593876,1.1979590939501417,,
DTLZ4,7,learning,8.139039251113926,0.3947026201206288,,
DTLZ4,7,decision,5.346712878254405,1.0327742462521061,,
DTLZ4,8,learning,1.4745842276999248,1.2504357421881809,,
DTLZ4,8,decision,1.4014201136995972,1.2848466272251295,,
DTLZ4,9,learning,0.9569144169242598,0.9811983446885273,,
DTLZ4,9,decision,1.2100675263152176,0.9993216648044649,,
DTLZ1,3,learning,2.5334994490163116,2.5457980799193414,33.83437501500016,34.45160560346875
DTLZ1,3,decision,1.6999117412252707,1.7121752170714637,24.690510148981062,24.692773892581638
DTLZ1,4,learning,2.316824175736385,2.2987410822010026,,
DTLZ1,4,decision,1.6799713109502266,1.6785309185050923,,
DTLZ1,5,learning,2.613310997931677,2.837435828206622,,
DTLZ1,5,decision,1.7096736424200052,1.6951898782440487,,
DTLZ1,6,learning,2.4402236892603835,2.2811838511367704,,
DTLZ1,6,decision,1.788019814617503,1.8853928092554078,,
DTLZ1,7,learning,3.2148416011539616,3.386499144064304,,
DTLZ1,7,decision,2.7195975572375044,3.189119705062077,,
DTLZ1,8,learning,2.351495701735308,2.3529084812782477,,
DTLZ1,8,decision,1.8482836050171074,1.9024602263682155,,
DTLZ1,9,learning,2.5864389993291015,2.847593028007795,,
DTLZ1,9,decision,1.8228530389397775,1.9088165406447417,,
DTLZ2,3,learning,0.032005210762300784,0.03155524566601238,33.01934046816271,32.96969010198248
DTLZ2,3,decision,0.017872890388412346,0.030044303692693473,25.864043553452248,25.94519885029304
DTLZ2,4,learning,0.40106597424758517,0.34647836465050824,,
DTLZ2,4,decision,2.1466497152264408,1.0024133519858924,,
DTLZ2,5,learning,0.654570551943328,0.3786307240937066,,
DTLZ2,5,decision,2.2680919545747518,0.9831165245018332,,
DTLZ2,6,learning,0.3392539055542875,0.3302066254135186,,
DTLZ2,6,decision,0.24244177156173305,0.22458765982648066,,
DTLZ2,7,learning,0.6680113715122341,0.5504226094450027,,
DTLZ2,7,decision,0.4909846777328355,0.27988193091532754,,
DTLZ2,8,learning,1.1760995889042676,0.3347819976154067,,
DTLZ2,8,decision,0.5113781169207554,0.28727869171950077,,
DTLZ2,9,learning,0.3361595892061702,0.3031266723377207,,
DTLZ2,9,decision,0.561514086308634,0.31780598448692765,,
DTLZ3,3,learning,0.10354755705886755,0.11588019518451073,34.350292083473974,34.21204582000539
DTLZ3,3,decision,0.017982727829719877,0.03104900821679163,25.85956968428706,25.76381144373917
DTLZ3,4,learning,0.2539784566045919,0.3931634034109931,,
DTLZ3,4,decision,0.25026124310509273,0.27131616321366964,,
DTLZ3,5,learning,0.28987257011356293,0.2941076860203574,,
DTLZ3,5,decision,0.13255680270499143,0.03058745094981731,,
DTLZ3,6,learning,0.42524616920315866,0.48559946428836354,,
DTLZ3,6,decision,0.2550484659337187,0.26513941005234254,,
DTLZ3,7,learning,0.567025244399149,0.3916902518796672,,
DTLZ3,7,decision,0.44628240112449924,0.3300762022179115,,
DTLZ3,8,learning,0.3941308361254031,1.167446070277638,,
DTLZ3,8,decision,0.14759806516942947,1.2173486435760763,,
DTLZ3,9,learning,0.5609594572387226,0.3710542283542099,,
DTLZ3,9,decision,3.0394786290423905,0.4148063824688211,,
DTLZ4,3,learning,0.08868865933333439,0.05448600446998953,32.74021837660667,32.90594434361154
DTLZ4,3,decision,0.03813461702527832,0.023723111664323653,24.072406718111324,24.09384176438968
DTLZ4,4,learning,0.13805963956335124,0.12151998697747259,,
DTLZ4,4,decision,0.11169780046221647,0.1124255466340261,,
DTLZ4,5,learning,0.4120195321001563,0.3303541114025738,,
DTLZ4,5,decision,0.9463986859308732,0.9884604165684923,,
DTLZ4,6,learning,0.6944313868350067,0.5209442382284021,,
DTLZ4,6,decision,1.1380104081510467,1.2057957123442562,,
DTLZ4,7,learning,0.8861840085330779,0.8911649629814846,,
DTLZ4,7,decision,1.205175537351077,1.2723423902876678,,
DTLZ4,8,learning,0.7175603173114674,0.5241370307371093,,
DTLZ4,8,decision,0.5021444664382628,0.34974785131018915,,
DTLZ4,9,learning,0.7198991408677973,0.7638301833243863,,
DTLZ4,9,decision,1.5437302726913236,1.3857598461896956,,
DTLZ1,3,learning,2.5437712616347006,2.57629546325116,34.48064037421888,34.73963619514655
DTLZ1,3,decision,1.8734898880856128,1.8718826566687126,25.86973284669515,25.93386627462257
DTLZ1,4,learning,2.3463880493791303,2.351302235324927,,
DTLZ1,4,decision,1.7257781204213258,1.7246329848141204,,
DTLZ1,5,learning,2.596362946150153,2.6739034869459575,,
DTLZ1,5,decision,2.1431545673085606,2.166463468902093,,
DTLZ1,6,learning,2.468059750555429,2.6305005281679215,,
DTLZ1,6,decision,2.0730004915808316,2.2256174232308608,,
DTLZ1,7,learning,2.774195528227736,3.3541805091507193,,
DTLZ1,7,decision,2.5295422391109006,2.865228293294684,,
DTLZ1,8,learning,2.9055745614678714,2.720118558276175,,
DTLZ1,8,decision,2.610725190417557,2.490450068021199,,
DTLZ1,9,learning,2.8024764503185193,2.7262701773623124,,
DTLZ1,9,decision,1.8785174038567876,5.123118593959639,,
DTLZ2,3,learning,0.14348096801884264,0.1476203709556082,32.79488792426576,32.76222797310468
DTLZ2,3,decision,0.09933005810477208,0.07772072630991761,25.696944113300457,26.12307589349345
DTLZ2,4,learning,0.35729369580147474,0.14673453455116933,,
DTLZ2,4,decision,2.0589114231693273,0.1902328563239455,,
DTLZ2,5,learning,0.5232370575655892,0.12318330360182628,,
DTLZ2,5,decision,2.268091954574752,1.0034046644918657,,
DTLZ2,6,learning,0.5211281336183098,0.31044076659742836,,
DTLZ2,6,decision,1.2278795337304342,0.1893616736843227,,
DTLZ2,7,learning,1.0593869627927484,1.1190277809098947,,
DTLZ2,7,decision,2.4932936737288727,1.115319789332009,,
DTLZ2,8,learning,0.8430502590075746,0.3786712902491577,,
DTLZ2,8,decision,2.87038608003476,0.2693493480505719,,
DTLZ2,9,learning,0.4325735389104955,0.38708470097849834,,
DTLZ2,9,decision,0.5116372520763469,0.2763889272806672,,
DTLZ3,3,learning,0.08370559612280305,0.07701240307188352,33.3048962183204,33.42329459604444
DTLZ3,3,decision,0.19673269765946044,0.20927170727712388,24.657226789066463,24.777819956728667
DTLZ3,4,learning,0.781071543131925,0.07640896233837285,,
DTLZ3,4,decision,2.058911423169368,0.11055305734657407,,
DTLZ3,5,learning,0.3438956756502584,0.21990970344048466,,
DTLZ3,5,decision,0.246917275320375,0.2639661802622574,,
DTLZ3,6,learning,0.335015270065419,0.32062805412047624,,
DTLZ3,6,decision,0.27674087209540565,0.3941213380791621,,
DTLZ3,7,learning,0.5973428742894981,0.6341546048596288,,
DTLZ3,7,decision,0.43551512036314566,0.54217778617093,,
DTLZ3,8,learning,0.25498728055988934,0.7372531464928926,,
DTLZ3,8,decision,0.1444141341861386,1.2568104510568132,,
DTLZ3,9,learning,0.3338781504196998,1.3440951235830232,,
DTLZ3,9,decision,0.14936112388353628,1.3679402693404765,,
DTLZ4,3,learning,0.085293759119143,0.050400900894915536,33.431236025247586,33.60647016675504
DTLZ4,3,decision,0.10111734133959224,0.08471495358411817,25.750377682541522,26.205194409701193
DTLZ4,4,learning,0.108864935184819,0.04997424998244285,,
DTLZ4,4,decision,0.1920827275031374,0.18300479786313514,,
DTLZ4,5,learning,0.1739121082283624,0.07871335148891259,,
DTLZ4,5,decision,0.048902594164199724,0.06580562833548163,,
DTLZ4,6,learning,0.5794854818306266,0.5474575628530338,,
DTLZ4,6,decision,0.9725026829728646,0.9744852879060477,,
DTLZ4,7,learning,0.8254941531919273,0.8201899556843968,,
DTLZ4,7,decision,1.2104141603440572,1.0109521596188744,,
DTLZ4,8,learning,0.7794495731322431,0.7723113218518519,,
DTLZ4,8,decision,0.483840459653117,0.29270993021247244,,
DTLZ4,9,learning,1.4313770169076931,1.145550358923076,,
DTLZ4,9,decision,1.3075193908530003,1.0937526478845854,,
DTLZ1,3,learning,2.3708236305999675,2.367825640211872,32.953998771557615,32.52511525701478
DTLZ1,3,decision,2.069040310464354,2.0651109933380787,24.64559792875619,24.697210787173056
DTLZ1,4,learning,2.5706040969781494,2.726224931054299,,
DTLZ1,4,decision,1.8706755801071062,1.8430088805261908,,
DTLZ1,5,learning,2.779944422970431,2.7398413998221853,,
DTLZ1,5,decision,1.6947797691386122,1.6935898024185987,,
DTLZ1,6,learning,2.602783952048868,2.3345992533953885,,
DTLZ1,6,decision,2.056308801174441,2.562658497918247,,
DTLZ1,7,learning,2.556891732606744,2.278581789213953,,
DTLZ1,7,decision,1.762567885505451,1.7149458608988155,,
DTLZ1,8,learning,2.390969500460844,2.4149996568274226,,
DTLZ1,8,decision,2.125055301204368,2.163287554010055,,
DTLZ1,9,learning,2.7284640871800283,3.4649809487966854,,
DTLZ1,9,decision,2.422977588944926,3.1451631479736393,,
DTLZ2,3,learning,0.17670019524493585,0.15375619825315248,32.55567036975892,32.625662454648484
DTLZ2,3,decision,0.01760121974028396,0.030157055127963524,25.861827026567433,25.9130921246296
DTLZ2,4,learning,0.2636823033705713,0.2803934274150282,,
DTLZ2,4,decision,0.2579700823710068,0.2783867780685245,,
DTLZ2,5,learning,0.16416349823202245,0.1405197115747417,,
DTLZ2,5,decision,0.09662478384403878,0.07980284777514873,,
DTLZ2,6,learning,0.4410858198875387,0.41078488021209864,,
DTLZ2,6,decision,0.41870126293085036,0.37815398681309853,,
DTLZ2,7,learning,0.262751104784782,0.21226153327419656,,
DTLZ2,7,decision,0.4898349212817735,0.28927815693769865,,
DTLZ2,8,learning,1.6476645650254278,0.36950552519751134,,
DTLZ2,8,decision,2.87038608003476,0.2945421232700473,,
DTLZ2,9,learning,1.2212260771905266,0.6337809085289372,,
DTLZ2,9,decision,0.44852911655952876,0.47069478741616494,,
DTLZ3,3,learning,0.16943328695943485,0.2801444239257773,33.58443740086263,32.75034706784261
DTLZ3,3,decision,0.19786776157162475,0.20501778130678783,24.638246072757532,24.73038791029829
DTLZ3,4,learning,0.28158457486621075,0.32433718464410066,,
DTLZ3,4,decision,0.10869903146200752,0.11595114092403583,,
DTLZ3,5,learning,0.8331647337554933,1.1275484943302536,,
DTLZ3,5,decision,0.24639394363726813,0.2566883672092134,,
DTLZ3,6,learning,0.3018651619592412,0.5926909785811011,,
DTLZ3,6,decision,0.24979239191267033,0.2839022348396525,,
DTLZ3,7,learning,0.44543663621222873,0.8734797952900235,,
DTLZ3,7,decision,0.44061407035192324,0.5198722562147617,,
DTLZ3,8,learning,0.9193039359003337,1.0061277161292652,,
DTLZ3,8,decision,0.23066404493315446,0.2910043030085281,,
DTLZ3,9,learning,0.9042397160272055,0.8513635377517892,,
DTLZ3,9,decision,0.5427853036979796,0.5681862043797401,,
DTLZ4,3,learning,0.1055334399543241,0.0379567417695772,32.900693563092105,33.14953756930626
DTLZ4,3,decision,0.15543100407995147,0.05757737133200237,26.060603280500832,26.766297380145367
DTLZ4,4,learning,0.1638744469740538,0.15534442873282503,,
DTLZ4,4,decision,0.1091653021598797,0.10205293673674506,,
DTLZ4,5,learning,0.17624310662972548,0.09539158431834971,,
DTLZ4,5,decision,0.11581317724461906,0.10034246694538282,,
DTLZ4,6,learning,1.4488243510519343,0.9327583189486199,,
DTLZ4,6,decision,1.1527390960052242,1.2116382215462833,,
DTLZ4,7,learning,3.9121901454817474,1.2068955390027016,,
DTLZ4,7,decision,1.281230777453296,1.0731230439768271,,
DTLZ4,8,learning,1.2631182622748678,1.3692750523733748,,
DTLZ4,8,decision,1.3497561931246664,1.3335726013969182,,
DTLZ4,9,learning,0.45551940031979155,0.37679937410604153,,
DTLZ4,9,decision,0.3131928621225093,0.30057500331250586,,
DTLZ1,3,learning,2.2885684036709293,2.3702112701914975,33.5253211669535,32.477523349573886
DTLZ1,3,decision,1.7006208577267388,1.6991709277414464,24.655381955697305,24.78456962234204
DTLZ1,4,learning,2.4051931849474784,2.3933747659908344,,
DTLZ1,4,decision,1.680037806486736,1.6785997141314077,,
DTLZ1,5,learning,2.519183362680512,2.570692227311608,,
DTLZ1,5,decision,1.9107535490540442,1.9333616903743902,,
DTLZ1,6,learning,2.6319670179655614,2.886449523482993,,
DTLZ1,6,decision,2.0621023951051374,2.7796573686477295,,
DTLZ1,7,learning,2.943588111107049,3.984392177177035,,
DTLZ1,7,decision,2.114805219288588,2.1017765188975472,,
DTLZ1,8,learning,2.4627752216334953,2.5429049536653174,,
DTLZ1,8,decision,2.2665676516498396,2.346667777300499,,
DTLZ1,9,learning,2.554228999130202,2.7977005280259286,,
DTLZ1,9,decision,1.8686234354120326,1.9088165406447417,,
DTLZ2,3,learning,0.09190549630956207,0.09047301409610993,32.549640378401364,32.49062918902903
DTLZ2,3,decision,0.10024414338400423,0.0875847451973421,25.743803666049242,25.950343545706392
DTLZ2,4,learning,0.9868807522914678,0.411047027623218,,
DTLZ2,4,decision,2.058911423169369,0.11428496556151838,,
DTLZ2,5,learning,1.097472618193588,0.3793669977678466,,
DTLZ2,5,decision,2.2680919545747518,0.9785715539237112,,
DTLZ2,6,learning,1.2850696208905583,0.31805085629927765,,
DTLZ2,6,decision,2.497822301217065,0.20637464465906805,,
DTLZ2,7,learning,1.4030000767736879,0.21047073025646035,,
DTLZ2,7,decision,1.3272347501637054,0.13065072646396425,,
DTLZ2,8,learning,2.4134174590981887,0.2586311930562284,,
DTLZ2,8,decision,2.870386080034759,0.29252016856676144,,
DTLZ2,9,learning,0.7633276046003852,0.6714567535473691,,
DTLZ2,9,decision,0.45074430664865317,0.4769010083120361,,
DTLZ3,3,learning,0.08779564146986914,0.1406063440662585,34.29286766270495,33.7155093305286
DTLZ3,3,decision,0.1348355687763403,0.11648897671633113,26.27798603615585,26.434030858990944
DTLZ3,4,learning,0.18266135170465214,0.13106791967157572,,
DTLZ3,4,decision,0.09632714706178427,0.05719046897144406,,
DTLZ3,5,learning,0.2926821143825181,0.24825505375096266,,
DTLZ3,5,decision,0.2474335344981465,0.25472287417619743,,
DTLZ3,6,learning,0.37827019196551803,0.8238453831488596,,
DTLZ3,6,decision,0.2612528136192158,2.4890962400679966,,
DTLZ3,7,learning,0.41318778909293796,0.4064764274642609,,
DTLZ3,7,decision,0.1411690803585171,0.17418706160788525,,
DTLZ3,8,learning,0.44122210122405886,1.3337575758408757,,
DTLZ3,8,decision,0.41658209919837974,0.5564431352761815,,
DTLZ3,9,learning,0.47431745148751703,0.8143704014085374,,
DTLZ3,9,decision,0.3731800630794756,0.9948634802309677,,
DTLZ4,3,learning,0.061148490770240614,0.03219169840176882,32.75154051501224,32.977554088113635
DTLZ4,3,decision,0.017858592859708672,0.029257361138109776,25.861957990556437,25.905095126602774
DTLZ4,4,learning,3.8311641585855463,0.502596077483021,,
DTLZ4,4,decision,1.1232141813659142,1.0252052307793802,,
DTLZ4,5,learning,0.21942938109168958,0.14120923718709294,,
DTLZ4,5,decision,0.11612334644916172,0.08749804733320568,,
DTLZ4,6,learning,0.7318445580829068,0.7555852886151487,,
DTLZ4,6,decision,1.0400100014148506,1.091100297300284,,
DTLZ4,7,learning,0.8964999487958616,0.9388970241583858,,
DTLZ4,7,decision,1.3873605630526744,1.2099687741240692,,
DTLZ4,8,learning,1.353029620873395,1.2697254829940041,,
DTLZ4,8,decision,1.141736486503992,1.0063312602097558,,
DTLZ4,9,learning,0.8571080300807892,0.6377788365764423,,
DTLZ4,9,decision,0.2936156287887565,0.2630685112468862,,
DTLZ1,3,learning,2.224716672126423,2.2238526503590847,33.306390063298885,33.34531116784577
DTLZ1,3,decision,1.7018327074484878,1.702274925215097,24.68179205188269,24.66453514329512
DTLZ1,4,learning,2.6007969858757884,2.626435988465904,,
DTLZ1,4,decision,1.6801294306015035,1.6785322638813158,,
DTLZ1,5,learning,2.545259039226278,2.6044942711065397,,
DTLZ1,5,decision,1.9385547786259218,1.947839188449073,,
DTLZ1,6,learning,2.4562611441158713,2.6110638943576383,,
DTLZ1,6,decision,2.0735810523291094,2.8150728604330095,,
DTLZ1,7,learning,2.675084127854172,2.7261120187847467,,
DTLZ1,7,decision,2.5380083475296167,2.6349613464675685,,
DTLZ1,8,learning,2.80188118722115,2.515694913983753,,
DTLZ1,8,decision,1.7455583499852727,1.7137434769358726,,
DTLZ1,9,learning,2.5139964733197484,2.4453171615350153,,
DTLZ1,9,decision,2.0999091694159002,2.238358072121607,,
DTLZ2,3,learning,0.1618994722162742,0.08901235423060286,31.88684073428638,32.49066624074499
DTLZ2,3,decision,0.7205913601248557,0.029731554843887495,19.366863821552585,25.91468416241836
DTLZ2,4,learning,0.11013770411788071,0.09716930848739973,,
DTLZ2,4,decision,0.2579063131064462,0.2743373969067286,,
DTLZ2,5,learning,0.11548680164325992,0.12662635773112765,,
DTLZ2,5,decision,0.04408731482993907,0.06640137517803843,,
DTLZ2,6,learning,0.47844524456947163,0.3257629741952373,,
DTLZ2,6,decision,0.8623700336780551,0.2206178384670663,,
DTLZ2,7,learning,0.35909750865273926,0.7905053378964044,,
DTLZ2,7,decision,0.47445440494175334,0.4568397379560274,,
DTLZ2,8,learning,0.28710056556143904,0.2755737423147377,,
DTLZ2,8,decision,1.4196534840340997,0.12463463697056949,,
DTLZ2,9,learning,1.337177121711894,0.4815996931476168,,
DTLZ2,9,decision,5.385222416133352,1.420523422346374,,
DTLZ3,3,learning,0.17612329373100305,0.1296732073117137,34.06741220186753,34.05128641711028
DTLZ3,3,decision,0.03777244757238134,0.022017224329853306,24.07206435044453,24.09288905064475
DTLZ3,4,learning,0.16628408266337685,0.12739838362986172,,
DTLZ3,4,decision,0.11523657189687914,0.11265330544851937,,
DTLZ3,5,learning,0.28705654034161576,0.473226810837411,,
DTLZ3,5,decision,0.813423824674911,0.813423824674911,,
DTLZ3,6,learning,0.329581848560364,0.22462353828459575,,
DTLZ3,6,decision,0.26056245497646247,0.5198895252433645,,
DTLZ3,7,learning,0.35720934751956007,1.16377185006599,,
DTLZ3,7,decision,0.5421777861709304,0.3784014414508911,,
DTLZ3,8,learning,0.3798911867602206,0.9824151273150379,,
DTLZ3,8,decision,0.14362656959438522,0.41955566033338043,,
DTLZ3,9,learning,0.6662245719969404,0.6375691727643369,,
DTLZ3,9,decision,0.45471712369969797,0.5687091449002875,,
DTLZ4,3,learning,0.08714534501954102,0.061778956804080576,32.751397080666464,32.82995136194273
DTLZ4,3,decision,0.10068491515620309,0.08023783732287866,25.690804928982317,25.9465321900851
DTLZ4,4,learning,0.15152927220069476,0.057666814194408986,,
DTLZ4,4,decision,0.18914884754026487,0.16903359912725163,,
DTLZ4,5,learning,0.4353724415900331,0.3568093346957149,,
DTLZ4,5,decision,0.9430677348577385,0.9638223841326536,,
DTLZ4,6,learning,0.4957004196299556,0.4814239381178056,,
DTLZ4,6,decision,1.0434844148386146,1.041969009997068,,
DTLZ4,7,learning,1.1887755479972408,1.2920851695429543,,
DTLZ4,7,decision,0.4816695648327325,0.27769427623432325,,
DTLZ4,8,learning,0.563183453981677,0.5590206740720742,,
DTLZ4,8,decision,0.3899563705679497,0.2922513802349724,,
DTLZ4,9,learning,0.8517786494071533,0.8997583622010119,,
DTLZ4,9,decision,1.4242808336858328,1.261586798385759,,
